ID,Price Prediction
6001,9.777459602614606
6002,10.714898829495336
6003,8.121892452205579
6004,10.11153101403893
6005,9.632726171194085
6006,8.981651929035369
6007,8.881058248682411
6008,9.279595208596657
6009,8.309690008649685
6010,10.559631166399612
6011,9.846342824746031
6012,8.873094459847337
6013,9.23910131700633
6014,9.58627863787718
6015,9.024923401374217
6016,9.016995454484872
6017,9.201939880551816
6018,9.944154193955335
6019,9.036531234607917
6020,8.92253798959359
6021,9.539338527266677
6022,8.637898274593358
6023,8.600643788269226
6024,8.530867596101123
6025,8.452761344080676
6026,8.53669726361708
6027,8.930347476929073
6028,8.603173372885417
6029,9.291403511033291
6030,8.517056621984143
6031,10.157882742956627
6032,9.182033821400967
6033,8.981392197682005
6034,9.991939137322982
6035,8.6909794690628
6036,8.26013534947671
6037,8.435549250666654
6038,8.653824789826565
6039,9.934551550237149
6040,9.190583792015461
6041,8.04587607509044
6042,8.7328194827208
6043,8.794108771797573
6044,9.014203601477291
6045,8.881028810726924
6046,9.005960322555877
6047,9.320886641252825
6048,8.541153940640983
6049,8.338676704924072
6050,8.785481268461204
6051,8.496104215151782
6052,9.211549742172828
6053,8.295337331356368
6054,9.646407858306587
6055,8.391288963669224
6056,8.325847149106714
6057,8.504278995870088
6058,8.67310370865046
6059,9.945819374188817
6060,8.545948873549545
6061,8.373800064171666
6062,8.440889726042608
6063,8.764489074436852
6064,9.071841393590036
6065,9.053752032622388
6066,8.508824087802392
6067,10.109921383494923
6068,8.108970872771597
6069,9.924256128739243
6070,10.31241670888209
6071,8.136790761280942
6072,8.314427729287637
6073,10.32213722547765
6074,10.173509255240614
6075,10.163152623917474
6076,8.654777063414294
6077,8.233243518920698
6078,10.38255073691299
6079,9.221493759033185
6080,9.787566011612936
6081,8.59032208675475
6082,9.829807469917071
6083,8.063582542205902
6084,8.583066803255964
6085,10.163636472682267
6086,8.946244042066507
6087,8.908711587468197
6088,8.709228825168399
6089,8.595380526404695
6090,8.90892290867397
6091,10.253096458228299
6092,9.005921013371529
6093,9.267277001085125
6094,9.135728762420854
6095,9.915903672524468
6096,8.76763705913666
6097,9.122748009030865
6098,10.124783001886463
6099,9.983740594062096
6100,9.048307460439604
6101,10.400905280394017
6102,9.471067632182383
6103,8.3714902006509
6104,9.515533426338479
6105,8.645467297460339
6106,9.480319149858476
6107,8.184214089082888
6108,9.24434917083051
6109,8.72664699656758
6110,10.307099058553788
6111,9.632188114197442
6112,8.893206232380466
6113,9.096507136343067
6114,9.245844343555541
6115,9.500894329667842
6116,8.179807823182532
6117,8.64058741895286
6118,9.852530240340894
6119,8.236389175180658
6120,9.966165175355744
6121,8.847738493262296
6122,9.211549742172828
6123,9.366297530269426
6124,9.236681641203651
6125,10.017815985484576
6126,10.022378225779963
6127,9.779746518393994
6128,9.683919016404088
6129,9.70718600541587
6130,8.679908795229737
6131,9.70480744558437
6132,8.787850567389164
6133,10.32144159328394
6134,8.765690378877892
6135,8.733121900589182
6136,8.802273726744255
6137,9.128989947573398
6138,8.347489693041908
6139,10.187122590102378
6140,8.567323397637342
6141,9.65843238143033
6142,8.591644016055838
6143,8.338676704924072
6144,10.054725308088235
6145,9.8390880190693
6146,10.289656813542907
6147,8.60341621419768
6148,8.382456760974216
6149,8.180080018367901
6150,8.359860946060524
6151,9.115648659509242
6152,8.185943129740316
6153,8.564443255415759
6154,10.238598661281594
6155,9.71624163256031
6156,8.828357860710762
6157,10.333260053030243
6158,9.143263428223216
6159,10.139914127024735
6160,8.365234799710228
6161,9.179486922249616
6162,10.21168171205441
6163,8.452361364770411
6164,8.193970056416564
6165,8.617366206708677
6166,10.665445060725503
6167,9.23227978770659
6168,8.8853997105196
6169,9.240404585475403
6170,8.689694684603605
6171,9.046558314135215
6172,9.382636252135235
6173,7.964185925725061
6174,8.356785302291042
6175,8.30854909393082
6176,8.751569104616026
6177,8.560929648374646
6178,9.601240536899436
6179,8.78991866290769
6180,8.772027627426127
6181,8.101485908037615
6182,9.618519297022653
6183,9.029758202238675
6184,10.421345970616642
6185,10.046350908690599
6186,8.501284519795764
6187,8.908711587468197
6188,10.434125335978583
6189,8.27566286604795
6190,9.987988006120258
6191,9.188243417157064
6192,8.980776198239257
6193,8.773983835564755
6194,9.305877083670678
6195,8.671581141976976
6196,8.075495692630135
6197,8.771177508967769
6198,8.857326268896905
6199,8.580172138455199
6200,9.523618037011062
6201,8.375420987936577
6202,10.421004446741643
6203,8.725393504176049
6204,8.620047266178888
6205,8.825639716852146
6206,8.053743308439019
6207,9.108785573611712
6208,10.138205915051683
6209,9.041306142252088
6210,8.591671720508998
6211,9.134968517201038
6212,8.102768003447895
6213,8.285202530599436
6214,8.229213389422064
6215,9.271881036264086
6216,10.763545525499037
6217,8.873406506773895
6218,8.964176970900589
6219,8.74437809862976
6220,8.781077126174095
6221,8.44396607070342
6222,8.953014731708452
6223,10.329698854749212
6224,8.90094866808767
6225,9.770395814452321
6226,9.002400764915684
6227,7.848652556594944
6228,8.80109038289597
6229,10.154597850892777
6230,8.660836904285519
6231,10.248271422551754
6232,8.9750607178925
6233,8.64645288013669
6234,8.19496296870397
6235,9.272470971639867
6236,8.95665857037492
6237,10.065559884780095
6238,8.94896017909004
6239,8.285926619764963
6240,9.295548377485026
6241,9.401823155090574
6242,8.739150639430571
6243,8.281761805475888
6244,8.808602680355078
6245,8.684341952643027
6246,10.338382267911118
6247,9.106595910308393
6248,8.151384601774955
6249,10.154990001368372
6250,9.21822479901879
6251,9.043381379972336
6252,8.659784786325732
6253,8.380296851283582
6254,8.38919725057442
6255,9.158238883265705
6256,9.020732180264387
6257,9.756021923865413
6258,8.86213128051207
6259,9.458832280462078
6260,8.422490510874571
6261,8.475785948370744
6262,8.66370353634231
6263,8.144329743128381
6264,9.122867453265211
6265,8.492766858388027
6266,9.14339971528818
6267,8.325267998781465
6268,8.389253159867065
6269,8.477445109039465
6270,8.236529059627513
6271,8.18547049612974
6272,8.393091808848272
6273,10.539910866704272
6274,9.92735014822758
6275,8.471021748852431
6276,8.814049379153868
6277,9.740134490031355
6278,8.33415477110466
6279,8.88863550963987
6280,8.43477126729349
6281,10.191078022802468
6282,8.419215917614128
6283,8.61176243542007
6284,9.557578711680312
6285,8.316236609625742
6286,8.846181936962367
6287,10.1387991534886
6288,10.111360481915355
6289,9.96632146550792
6290,8.858186538440624
6291,7.8359538066389645
6292,9.41134712772431
6293,8.739546854110978
6294,8.75032719107106
6295,8.58437848223606
6296,8.096036257426212
6297,9.820485299625544
6298,8.608606271540406
6299,8.231730477096942
6300,8.285983417210732
6301,8.713139500182987
6302,10.00980174291502
6303,8.750397693099753
6304,8.843476767761741
6305,8.847550776231552
6306,9.888102582400048
6307,9.893421054327227
6308,8.737955725898058
6309,8.621305640825366
6310,10.28130822858244
6311,10.23032103018265
6312,8.663447688193193
6313,8.8552725869142
6314,8.986519364875281
6315,9.874139257871537
6316,9.031340116497274
6317,10.066490117566804
6318,8.682368352536548
6319,9.487113870388855
6320,9.287644884156858
6321,10.02145776350829
6322,10.085501228599993
6323,8.585863486812446
6324,8.502070901915857
6325,8.858674906593992
6326,9.643242476530572
6327,9.67711677041872
6328,9.998892312516558
6329,9.903115275317413
6330,10.831325077105978
6331,9.840460822845253
6332,8.581788926704723
6333,8.192737450810387
6334,9.957974119735477
6335,9.0683247271674
6336,8.991937679947194
6337,8.770702759809756
6338,8.58265200118283
6339,8.700291429153753
6340,7.932708801318198
6341,10.156038188678748
6342,8.7917523485921
6343,8.596812647466795
6344,10.451330308252002
6345,9.60487070717158
6346,8.753067524316663
6347,7.822566837844101
6348,10.079980648075686
6349,8.521368864957518
6350,9.829093612704865
6351,8.367220060591611
6352,8.416588736360318
6353,9.382242284805773
6354,9.449092848587977
6355,8.059012924941484
6356,9.99662486471022
6357,8.522955675235021
6358,9.493042861757466
6359,10.762029738384717
6360,8.544465185779588
6361,8.496013503638519
6362,7.993429261209708
6363,9.435897152226069
6364,8.503218201534157
6365,8.633406532070866
6366,9.004200487749417
6367,9.268618447713838
6368,8.91667714947961
6369,8.71517513586379
6370,9.20818454753782
6371,8.516625570575094
6372,9.406956175196878
6373,8.301827775548858
6374,8.916502429442788
6375,8.410379460621249
6376,8.836490887748834
6377,10.067885859461027
6378,8.69364366254607
6379,8.478632239396655
6380,8.624013428014665
6381,9.142206163661793
6382,7.967324378988748
6383,10.90646194522013
6384,9.260675747154822
6385,8.61320917772453
6386,8.975410729263968
6387,9.951963214446824
6388,9.10772748849898
6389,8.69658178283837
6390,9.935014764897826
6391,8.34273456228581
6392,8.450589985833583
6393,9.725915569281996
6394,8.826792033037327
6395,8.388185743665861
6396,9.665673892492835
6397,9.651382256511855
6398,9.3631180630673
6399,8.12424984282632
6400,9.965460622606498
6401,10.057121541819365
6402,10.246608145950677
6403,9.141990421179562
6404,10.718029225117531
6405,8.963363577174812
6406,9.397761602548718
6407,10.322313945841717
6408,10.765233908608277
6409,9.279882368462541
6410,8.769280678408993
6411,9.056851277690951
6412,10.58274875924196
6413,8.667268026020995
6414,8.382456760974216
6415,9.958772917419434
6416,9.412663684487834
6417,9.857494029850988
6418,8.534050791516655
6419,10.266065590273298
6420,8.709489206400905
6421,9.781462005119927
6422,9.90332727501229
6423,8.933541289473126
6424,9.36201171070719
6425,9.738034407716722
6426,8.82458642259414
6427,9.877415946784206
6428,8.430150880235102
6429,9.978737908960833
6430,8.561965224116454
6431,9.823072640400776
6432,9.29274199752599
6433,8.810523658741229
6434,8.804726287888503
6435,8.989860721941138
6436,9.708817842749255
6437,9.120484826511653
6438,9.043381379972336
6439,8.929427602514526
6440,8.986420744482585
6441,8.997051927012118
6442,8.571775279049035
6443,10.197955073173638
6444,8.867529541627185
6445,8.359759210451859
6446,10.274610351289535
6447,8.164688101240886
6448,8.15214992650498
6449,8.719541159968468
6450,9.487993197342156
6451,9.00396147714598
6452,10.360541211918324
6453,8.665123325879998
6454,9.938084609221024
6455,8.531775018751468
6456,10.282509950668704
6457,8.883666020481847
6458,9.029438206972513
6459,10.23395578961559
6460,8.665003051179674
6461,10.070242612304037
6462,9.926274587886995
6463,8.916542785520244
6464,8.775396587411453
6465,9.350600232194427
6466,8.907083313435576
6467,8.60672621827007
6468,9.79733982305677
6469,9.66528491122706
6470,9.204107063537556
6471,10.358329387078768
6472,9.273496390626342
6473,9.848620399450565
6474,9.042097287198407
6475,8.359759210451859
6476,8.610861817201354
6477,10.98076497770204
6478,9.155739270631384
6479,10.666652678392628
6480,7.907259757571443
6481,8.90799348126567
6482,8.483844729482028
6483,8.192661825985446
6484,9.155280452797312
6485,8.846770764008754
6486,8.304259859796302
6487,8.635627078962132
6488,10.611829325088658
6489,10.152883354729912
6490,9.671759586351934
6491,8.339641072547405
6492,9.568974214249115
6493,8.299364904924582
6494,9.05271027873621
6495,10.319183542577479
6496,8.206937872936159
6497,8.953868522908692
6498,10.19075715298702
6499,9.901444850673007
6500,8.927713076345848
6501,9.346781818038773
6502,9.338576433818087
6503,8.827933183448877
6504,8.307047352186817
6505,9.573047698581773
6506,9.385834487871207
6507,9.339213079154966
6508,10.44533742685161
6509,9.76706494324463
6510,9.756977890943068
6511,9.111250703502936
6512,10.0715775293467
6513,8.354345195255448
6514,10.1989065220165
6515,9.450144822940434
6516,9.315569667057092
6517,9.313843127770435
6518,9.197226430377205
6519,10.078332671438543
6520,8.975208877201252
6521,9.09996938116321
6522,9.108173720231214
6523,8.930714955601376
6524,8.473573141917985
6525,8.263091171413624
6526,8.310370093907668
6527,9.152420149604502
6528,8.456980986525714
6529,10.338803680645105
6530,9.103060246387093
6531,9.487825907950414
6532,8.630162020897899
6533,7.8815375730791155
6534,8.816766436928173
6535,7.750415044226535
6536,9.06309679887219
6537,7.832472315726275
6538,8.955666922051048
6539,9.487825907950414
6540,9.479041751028909
6541,8.848905119750807
6542,8.85861763687047
6543,9.196567660382236
6544,8.54754311368931
6545,8.65722768718921
6546,8.435549250666654
6547,9.770474427113246
6548,8.420486974256619
6549,10.126661714027298
6550,9.331631733838556
6551,9.676427244665751
6552,8.668460514059307
6553,8.881336650456342
6554,8.713746258592062
6555,9.376105962634103
6556,9.957109667849908
6557,10.059070280362203
6558,9.209606847607377
6559,8.569812729216569
6560,9.756180417508356
6561,8.400527237579949
6562,10.113187795836525
6563,9.07679721171496
6564,10.029365998742257
6565,9.024934205076084
6566,10.288632806722406
6567,9.473811725914743
6568,7.842352298686141
6569,8.489686649742627
6570,9.010588298192312
6571,9.91590006921434
6572,9.715000240981524
6573,9.306762702160405
6574,8.881028810726924
6575,9.419631079523505
6576,9.989885374622023
6577,9.241033794312482
6578,9.207849297025321
6579,7.998543112211009
6580,9.652583064217554
6581,8.345102353412354
6582,8.9750607178925
6583,9.03995369794797
6584,9.722422117949007
6585,8.324225462427544
6586,10.812123142460617
6587,10.110155467123306
6588,9.22413067147179
6589,9.201774447600084
6590,10.710038954440106
6591,9.602232628542628
6592,9.543629682852618
6593,9.826212662347087
6594,8.834701122923445
6595,9.059337971007718
6596,10.524780021368725
6597,9.758795938192494
6598,8.645697714092176
6599,8.716129051909057
6600,8.340729189779708
6601,9.822102266687622
6602,9.100456487629769
6603,8.202438933879575
6604,8.797784362568402
6605,9.557456136699317
6606,9.06590352575814
6607,10.125518500444947
6608,8.463251773833901
6609,8.712638196723006
6610,8.774744591275738
6611,8.504278995870088
6612,8.624013428014665
6613,8.647952592882321
6614,8.671622259012338
6615,9.96340086520444
6616,8.867877746925336
6617,7.860792325589253
6618,8.410379460621249
6619,10.805991803595369
6620,8.62038018025539
6621,8.84836968497016
6622,8.53053900897835
6623,8.520836028309553
6624,8.645309808760057
6625,8.16668993125195
6626,9.802837769273244
6627,7.806566105657164
6628,10.423523337917528
6629,8.297958759977202
6630,8.636019214537097
6631,9.766318701271146
6632,9.888294486816331
6633,10.479276911689938
6634,7.789629714258048
6635,10.09259375269181
6636,8.563936953577832
6637,8.029023074286728
6638,8.496991340396702
6639,8.388185743665861
6640,9.410456266687772
6641,9.132402410577763
6642,8.687487527252234
6643,9.033575232745095
6644,9.479253325533913
6645,8.431802191206206
6646,10.299058668075396
6647,7.866433916636845
6648,9.936869911561956
6649,10.025367246280915
6650,8.698396016556448
6651,8.578963068567413
6652,9.84090648441063
6653,8.645233358593797
6654,9.107819784557435
6655,10.770321677149376
6656,10.165884353183445
6657,9.130611561590563
6658,8.362688455102715
6659,9.672002447647152
6660,9.360033913471856
6661,10.095074173210714
6662,8.367220060591611
6663,8.146635446114647
6664,8.815251855902016
6665,8.708602021262829
6666,9.770080535439371
6667,10.076616794200685
6668,8.43022585242058
6669,9.029762639141653
6670,8.493793544036304
6671,9.498141497873924
6672,8.312061821390081
6673,8.778829252247688
6674,8.81039111525931
6675,8.726182450627881
6676,9.212225227291734
6677,7.876094569108078
6678,10.045855059032121
6679,8.113781412018136
6680,9.725915569281996
6681,8.93602878754528
6682,8.562194796510557
6683,8.637898210620282
6684,9.659615580446175
6685,8.542903774959429
6686,8.95792309264785
6687,8.516831190763426
6688,8.129694601860251
6689,9.510821883931277
6690,10.306945990287359
6691,8.1988322527877
6692,9.09222839572848
6693,8.715981105977022
6694,9.400323033708885
6695,10.095686675575806
6696,8.300908464430126
6697,9.552366180513168
6698,8.502070901915857
6699,9.118644853538461
6700,9.8773833182334
6701,8.929365476722559
6702,10.434843802053537
6703,8.54501557927684
6704,10.352714267132077
6705,8.37984110613547
6706,10.15158221901304
6707,8.46638216242996
6708,8.195457338223429
6709,8.585863486812446
6710,9.919890728177375
6711,8.53258817859093
6712,10.280504154198917
6713,9.081655415173367
6714,8.128031222349351
6715,9.010728977669753
6716,8.338676704924072
6717,8.334547070075216
6718,9.024653284808274
6719,8.653026377332655
6720,8.286103014125091
6721,8.581422370052517
6722,8.470217274682462
6723,7.890841661064663
6724,9.033929722953024
6725,8.286103014125091
6726,10.261978860720497
6727,9.542685328074464
6728,9.34339353269053
6729,9.113710821131816
6730,8.281002553025901
6731,9.371140942727617
6732,8.938945964762304
6733,9.775414683580433
6734,9.039400128917022
6735,8.495755383313284
6736,8.469498069390603
6737,8.605567410853704
6738,8.881336650456342
6739,10.28127195591781
6740,8.734877334854295
6741,8.904167733526705
6742,9.484654869119202
6743,9.952513024308395
6744,9.27762495653606
6745,10.143319272413402
6746,8.218403009933512
6747,10.375924170557994
6748,9.744291795379118
6749,9.016979916145939
6750,9.08596091272362
6751,8.715471405952263
6752,10.214128135707792
6753,10.212722643656273
6754,9.087048350585816
6755,8.087829030115236
6756,8.70756053388214
6757,10.227404604439926
6758,9.827562945711504
6759,9.374891551327488
6760,8.496416596460419
6761,9.794611310747669
6762,9.117544939438366
6763,10.730993552875258
6764,8.950234920273802
6765,8.958158357291547
6766,9.001942816551626
6767,8.82916738209926
6768,8.731246288997614
6769,8.737545511008388
6770,10.115646908928136
6771,10.102316875448333
6772,8.17590850128721
6773,8.236529059627513
6774,9.820788926291142
6775,9.278215258641278
6776,10.04909730213552
6777,8.503993946042131
6778,8.765690378877892
6779,9.461182365108563
6780,10.235675412034324
6781,8.76846199787046
6782,10.150874065038252
6783,10.458549383462094
6784,9.941693120031717
6785,9.089837891683628
6786,8.663447688193193
6787,9.122444425276889
6788,9.974756476645085
6789,9.223576065487881
6790,9.512434580674833
6791,8.617862629496303
6792,8.523456557901941
6793,10.346846022746712
6794,8.48288071108271
6795,9.779746518393994
6796,8.456642394691173
6797,9.573786292392155
6798,10.31706207394466
6799,8.653343404995452
6800,8.355883094105504
6801,9.209461163806193
6802,9.378635622087854
6803,8.455013369296253
6804,10.416362052580237
6805,8.940451258699293
6806,8.188044845219153
6807,8.8189297790507
6808,10.024858346444367
6809,10.054019008963824
6810,10.110155467123306
6811,8.972499370552462
6812,9.329548502553001
6813,9.306838740254653
6814,8.63877037418626
6815,8.601852714553035
6816,8.301267802424222
6817,9.814670178370772
6818,10.308457440220845
6819,9.048557982979577
6820,9.752593753698005
6821,10.099000117412938
6822,9.65917368857894
6823,10.646024315283865
6824,8.92253798959359
6825,9.361813801002308
6826,8.129694601860251
6827,8.650356821937216
6828,7.9805440576579025
6829,10.492623627276695
6830,8.77393976152886
6831,9.791471713487754
6832,8.849924024212653
6833,9.045147225326431
6834,9.34580347670431
6835,9.725342047733902
6836,8.271971588308993
6837,8.265200048548435
6838,10.732947479396412
6839,9.707958883324029
6840,8.644668257855527
6841,8.478632239396655
6842,10.486754101237722
6843,8.902267208531153
6844,8.546205159022673
6845,9.848371133818981
6846,7.878293017958693
6847,8.411467538821777
6848,8.816766436928173
6849,9.140746476346512
6850,9.53797607322849
6851,9.15993444009472
6852,8.746553509248113
6853,8.478008661949408
6854,8.680882101903256
6855,9.731312523199348
6856,9.097317973084493
6857,8.065164342565977
6858,9.812962203805338
6859,8.804523267207571
6860,9.616339633423605
6861,9.90749199237565
6862,8.752077342278014
6863,9.233859959873325
6864,10.200899968620739
6865,10.080108327345876
6866,9.663695772426859
6867,8.409432872450214
6868,8.771859851711904
6869,8.66213418578269
6870,9.039080638565595
6871,8.43477126729349
6872,9.174888718310617
6873,7.934721246901593
6874,10.262807243417024
6875,9.892872671571343
6876,10.100281414839708
6877,8.505501742732221
6878,9.995053688640501
6879,9.676214047528035
6880,8.01789317118563
6881,8.921335378988193
6882,8.220006708831109
6883,8.778829252247688
6884,8.8264608752899
6885,9.039080967281034
6886,9.233067623859034
6887,9.332313443113229
6888,8.666347524464538
6889,8.799857185049584
6890,8.849754074017964
6891,10.16822610930317
6892,8.549259078132943
6893,8.461935255467772
6894,9.092950755139945
6895,8.756221317042728
6896,8.838084634632235
6897,9.210174510323615
6898,8.737955725898058
6899,8.729529348529164
6900,7.995421783709976
6901,9.317489450313161
6902,8.164852984258117
6903,8.54827549839425
6904,8.591834279680038
6905,8.54295113153879
6906,8.864911074219174
6907,10.195214472932538
6908,8.33914727097778
6909,8.940451258699293
6910,9.391011813854584
6911,8.562194796510557
6912,8.030119693260371
6913,8.734099799032188
6914,8.532564556240196
6915,9.551283966194283
6916,8.429598397620364
6917,9.216335093890386
6918,9.105278760782348
6919,9.334283612953591
6920,9.236370017893806
6921,9.598179784055793
6922,8.740476090858193
6923,8.698442853005625
6924,10.661681828874253
6925,7.893064075307202
6926,9.088657063557365
6927,9.898736054922471
6928,8.368060913782017
6929,9.686749054049944
6930,8.721541396797758
6931,8.519986030326537
6932,9.188096503325195
6933,8.398761290321925
6934,8.20145844574251
6935,8.868604847242723
6936,9.560268816117942
6937,9.983074730861134
6938,8.629192674906125
6939,9.31720693400749
6940,10.458539042827637
6941,10.211603897032948
6942,8.151384601774955
6943,10.275617518214283
6944,8.90966186078331
6945,7.989887613839833
6946,7.999131505367696
6947,8.906448534854889
6948,9.865421731449837
6949,9.385784322085685
6950,9.134190154458068
6951,9.880731437438541
6952,8.997379874858021
6953,8.354222047394277
6954,8.568689542328583
6955,8.608950709213671
6956,8.53136390633471
6957,10.63885381571315
6958,8.898535932592091
6959,8.779023768247606
6960,7.989887613839833
6961,8.934857369153388
6962,9.341438379689375
6963,10.433468928682005
6964,9.174076509002374
6965,9.024963770781586
6966,8.118107580384619
6967,9.081942732885704
6968,8.095985861389863
6969,8.118107580384619
6970,10.785806746635338
6971,8.533243521737358
6972,9.115960042388407
6973,8.74820379851996
6974,9.278990383020021
6975,8.269020897183484
6976,9.725342047733902
6977,9.098762715762039
6978,9.409481129635623
6979,9.952184287693061
6980,10.617889800051824
6981,9.165177171153466
6982,10.3060174813928
6983,8.65460883062251
6984,9.97145119260118
6985,9.777951076147136
6986,8.751659014517807
6987,8.847575555178617
6988,8.636322443039804
6989,9.355736503472123
6990,8.179538473085614
6991,8.293736634615207
6992,8.424253398695493
6993,9.682177249440468
6994,8.415061602886789
6995,8.793330799554258
6996,10.107480102105141
6997,8.853610881242904
6998,8.257580700717806
6999,8.655934516138757
7000,10.266539653893423
7001,8.357823212975983
7002,8.905534795178625
7003,9.164546516905084
7004,9.019240611128353
7005,8.605567410853704
7006,9.2954169316032
7007,9.598179784055793
7008,9.136514844440013
7009,9.202028762224776
7010,8.851814397875582
7011,9.386582181329917
7012,9.37080284115667
7013,9.178362521458034
7014,8.470963313155163
7015,9.117883328137022
7016,7.965351429268839
7017,9.961830728708357
7018,8.735694890451393
7019,9.385782250040629
7020,8.667329517120159
7021,8.551112645725409
7022,8.338676704924072
7023,9.650850739379472
7024,8.578899312979459
7025,9.182008580170436
7026,9.657104274954234
7027,9.705702390015475
7028,9.297221370526744
7029,9.613971676099247
7030,8.881177167562546
7031,8.732417992552573
7032,10.19008699775466
7033,8.963988265202353
7034,9.447737478398235
7035,9.2344476760721
7036,8.271872274418609
7037,9.206852634450781
7038,9.800894408385243
7039,10.307801289529612
7040,9.218561755428954
7041,8.919230431275299
7042,8.228543666793694
7043,9.908577767925523
7044,8.823820863863837
7045,9.902402838851735
7046,9.06220580059685
7047,9.214960294509314
7048,8.895134381852063
7049,8.391769396301985
7050,9.423857303512985
7051,8.549464424284803
7052,8.885374458617514
7053,9.024691566532535
7054,8.798346931006233
7055,9.136488733331447
7056,8.881105980271197
7057,8.859379667352735
7058,8.557710768460094
7059,8.514863335776367
7060,8.53136390633471
7061,9.54236264269139
7062,9.733965918553919
7063,8.553449059890728
7064,8.221832518486284
7065,8.795234737362668
7066,7.919915318647085
7067,9.993659641507824
7068,10.065523250803889
7069,8.130396222555499
7070,10.56517913790826
7071,8.13242683622818
7072,8.97863832938504
7073,10.169139434814568
7074,9.085732903315327
7075,10.107228793393704
7076,8.579799791419482
7077,9.049555477860068
7078,9.041306142252088
7079,9.12435733205401
7080,8.244066376655107
7081,10.394083300470852
7082,9.880306492825582
7083,8.839197410701443
7084,10.58225000565083
7085,8.847575555178617
7086,8.766249038601838
7087,10.176629585328321
7088,9.411338409693213
7089,9.77719507148339
7090,8.484060745060331
7091,7.947619772257559
7092,10.183191628802293
7093,8.501295667275963
7094,9.24306594915445
7095,9.132825957798923
7096,8.650823461789797
7097,8.582355404624487
7098,9.182089240122748
7099,8.519553394209527
7100,8.546205159022673
7101,8.234341355512557
7102,8.288200318257651
7103,9.909804205056076
7104,9.314108670133272
7105,9.163429858711618
7106,8.366858765305203
7107,10.185167200816437
7108,10.4424010920591
7109,8.19450143408831
7110,8.34273456228581
7111,8.70643105307825
7112,8.278899337178427
7113,8.33364417135708
7114,8.362688455102715
7115,10.00228335444896
7116,10.506687389020806
7117,9.327769562137256
7118,10.393418572320035
7119,8.785481268461204
7120,10.039642042039665
7121,9.442114385683855
7122,10.305701844060303
7123,8.776373477784961
7124,8.515219039160662
7125,8.37691256120729
7126,9.44877997693101
7127,9.208020224963109
7128,8.699493278174838
7129,10.333264748514832
7130,8.681226999488214
7131,8.16972564163284
7132,9.897548025241049
7133,8.653026377332655
7134,8.428478135974924
7135,8.703467272769394
7136,9.092413114183767
7137,8.752178900816354
7138,9.001249232574281
7139,9.7689309705841
7140,8.641560700812017
7141,10.154597850892777
7142,10.2212315866546
7143,9.010525691288391
7144,8.813974415704243
7145,9.414344680797928
7146,8.694252209229496
7147,8.667834286435077
7148,10.071539312839564
7149,8.99120647817311
7150,9.155739270631384
7151,8.969325943618696
7152,9.678553522855855
7153,8.514411372354697
7154,8.384210866023562
7155,10.157264063601557
7156,8.72246848513619
7157,10.00741521164162
7158,9.886120672677768
7159,9.237534783747302
7160,10.269596593235164
7161,10.501604233194202
7162,8.87038606561053
7163,10.736331221848431
7164,9.285149733496537
7165,8.25652827983913
7166,8.530473155072277
7167,9.05878644508733
7168,10.006696407309562
7169,8.65272196687743
7170,9.281262739141166
7171,9.182008580170436
7172,9.382784006106231
7173,9.923123943638796
7174,8.10926492260337
7175,8.528889600863952
7176,8.300513713582637
7177,9.330622624141645
7178,9.279279088001745
7179,9.150286730085524
7180,8.468242753592863
7181,9.51124102224392
7182,8.577525337194084
7183,9.738912586447569
7184,10.078279731540045
7185,7.921366609605793
7186,9.20482599722958
7187,8.73248807308074
7188,8.708196817172352
7189,9.755106768879996
7190,8.75165916339732
7191,9.580485394786214
7192,10.372346935986668
7193,8.603797610487025
7194,8.83565400875259
7195,9.166893415268657
7196,8.812203698722724
7197,8.824802348489586
7198,8.401840422849087
7199,9.930918546251695
7200,9.665673892492835
7201,10.249020520655298
7202,8.898229407023878
7203,8.564745339968775
7204,10.392810634021695
7205,9.374891551327488
7206,8.019603559338938
7207,9.238180424455802
7208,8.472074700901414
7209,8.339031024807515
7210,9.644442930220047
7211,8.608606271540406
7212,8.816766436928173
7213,9.156954110145183
7214,9.128105571089968
7215,8.537228805215923
7216,9.055673176919328
7217,7.972335215485522
7218,8.085030151284165
7219,10.402553390453571
7220,9.137095027589217
7221,10.863232123153955
7222,9.030192719636371
7223,9.780209067775603
7224,8.446589930037616
7225,10.27282870440549
7226,8.550046298158968
7227,9.179804907614276
7228,8.469296112065466
7229,9.924256128739243
7230,8.570896787045255
7231,8.310370093907668
7232,9.883535791892678
7233,8.641229433395601
7234,8.690313677325594
7235,8.751569104616026
7236,8.051841560099225
7237,8.115689652977196
7238,10.418121890995224
7239,10.591719247104162
7240,8.040394806785393
7241,9.069364854793298
7242,10.546528592985005
7243,9.958188037735026
7244,9.50713892609172
7245,10.136014844493658
7246,10.693935870146706
7247,8.453572625446652
7248,10.000037342391089
7249,8.084307877621374
7250,9.383899468405234
7251,8.651158225676673
7252,8.67310370865046
7253,9.25607945630858
7254,9.283188400559615
7255,8.202028050871995
7256,9.411338409693213
7257,8.7786869603561
7258,9.332100019728932
7259,10.155920188453003
7260,9.181394411818967
7261,8.639262677448992
7262,8.69378986683625
7263,9.28744019467339
7264,8.769905592787357
7265,9.740118179845297
7266,7.954128786962017
7267,9.389300405274534
7268,8.890328845264701
7269,8.831396711280158
7270,8.334800984864263
7271,8.605864325597711
7272,8.605087896922871
7273,8.826382010282591
7274,8.82605014707105
7275,8.734653981818257
7276,8.50255159966942
7277,9.465777880673185
7278,8.058887579812007
7279,9.799529049380025
7280,9.284780130943723
7281,8.82167883174375
7282,8.543476776555988
7283,8.52073253115113
7284,9.124792759479309
7285,9.848948352213833
7286,9.135431663186306
7287,9.110341748171217
7288,8.711003281774914
7289,10.375639937598008
7290,9.710068316909632
7291,9.223625506191414
7292,8.511350857199865
7293,9.903581986663255
7294,9.922678202486123
7295,8.835970546640315
7296,9.124847993006934
7297,8.81675859489305
7298,8.816928330436415
7299,10.068173453231978
7300,9.019060032278007
7301,9.22442286698616
7302,8.483559465325417
7303,7.950297205910797
7304,8.727707453778534
7305,8.496104215151782
7306,8.416588736360318
7307,8.145320458775265
7308,9.840892284279441
7309,8.509811233924587
7310,8.785481949010556
7311,10.704529488511305
7312,9.014956318661902
7313,8.20145844574251
7314,8.88326976435717
7315,8.586954785397973
7316,8.775061678730452
7317,8.96076519097912
7318,9.046033545539643
7319,9.23631586387747
7320,8.439138321562234
7321,8.912546710802188
7322,8.496991340396702
7323,10.26693402750973
7324,9.066739240964566
7325,8.401071754707402
7326,8.572468505568448
7327,9.64668153266275
7328,8.192156499354558
7329,8.326255456917332
7330,9.725915569281996
7331,9.909466774751523
7332,9.135431663186306
7333,9.99214608627785
7334,8.762294941147019
7335,9.69614470995611
7336,8.562194796510557
7337,8.95985482813743
7338,9.56595305468577
7339,9.519059178646303
7340,9.351864077480661
7341,9.680254494904244
7342,9.24244676888712
7343,9.168674106247138
7344,9.806510639170124
7345,8.731932575347555
7346,8.930137057341415
7347,8.717169114600603
7348,9.504421204142755
7349,8.582000125779228
7350,9.12573868776554
7351,8.281675670825113
7352,8.729729997986002
7353,9.036451098138508
7354,7.868939445406844
7355,10.406610099767386
7356,8.59769758807434
7357,8.664860224865722
7358,8.658107983863943
7359,8.391567862562983
7360,9.064487595992167
7361,8.522227359891769
7362,8.544601746247283
7363,8.459703928425512
7364,10.416927947031175
7365,9.49457025837742
7366,9.046452439881595
7367,8.321368464574068
7368,8.288527554503107
7369,9.262119432131229
7370,8.20064894285131
7371,8.770832257119899
7372,8.610195596088667
7373,10.324509740510525
7374,10.346019182374151
7375,8.351440150260348
7376,8.699493278174838
7377,8.829822427445233
7378,8.286103014125091
7379,8.236529059627513
7380,7.790248602889179
7381,9.404287927500908
7382,10.605947525379028
7383,8.54514375754706
7384,8.1042569689823
7385,10.733019724320139
7386,10.056371567690556
7387,9.19989541754537
7388,8.428418236931172
7389,9.061721235184168
7390,9.890453132535761
7391,8.418683518682924
7392,10.976715996842744
7393,9.262406536030484
7394,8.97773320213101
7395,9.264892881628183
7396,8.80816993560923
7397,9.079262809108991
7398,9.685567555521809
7399,9.046558314135215
7400,10.078279731540045
7401,8.168703503206745
7402,9.66477041900187
7403,9.455773297706568
7404,9.568020112265522
7405,8.624013428014665
7406,8.962445226346736
7407,8.586837599760853
7408,9.786038722646028
7409,8.531215164594675
7410,8.653026377332655
7411,8.728476608743307
7412,9.947811995936837
7413,9.041211885187325
7414,8.388185743665861
7415,8.216274145236497
7416,10.61858816096819
7417,8.54341612524102
7418,9.203777137753997
7419,8.864464462654547
7420,9.26543859137008
7421,8.66213418578269
7422,8.936211306231408
7423,7.811986758970217
7424,9.576894953233609
7425,8.559934615436065
7426,10.225034603726137
7427,9.02237312459349
7428,9.393250214482665
7429,10.050361919140999
7430,8.595705613550454
7431,9.197226430377205
7432,8.174391226357018
7433,10.14530302370359
7434,8.419215917614128
7435,8.67451645052025
7436,9.910756120139276
7437,9.675801194327388
7438,9.906573019070308
7439,9.027315318461866
7440,9.12986640378566
7441,9.383834654456162
7442,8.666120608432811
7443,9.903581986663255
7444,8.870477396611404
7445,10.361189591583049
7446,10.236478574102016
7447,9.908897191695294
7448,8.512955312789483
7449,9.887637450718106
7450,9.019652610301709
7451,9.683363662993926
7452,9.997745739035096
7453,8.418853358137824
7454,8.443567789647853
7455,8.56520598400978
7456,8.604150831821489
7457,9.880890286670112
7458,10.27909713922713
7459,7.866122914901384
7460,9.219024729733293
7461,9.264708989866243
7462,8.494964791624698
7463,10.153306391013402
7464,7.93406572401639
7465,8.624108317139662
7466,8.505323726373655
7467,8.387498938490427
7468,10.30510066252517
7469,9.017523452459475
7470,8.778337787989969
7471,10.566427782501577
7472,8.667834286435077
7473,10.288328327414982
7474,8.752753521972537
7475,8.737364195008515
7476,8.650356821937216
7477,9.909804205056076
7478,9.682343404206462
7479,10.081618784480838
7480,8.408345138860415
7481,8.697817681256508
7482,9.173518395500775
7483,8.553963712876074
7484,8.558862635883784
7485,10.960493662331134
7486,9.682876825557836
7487,9.346329819422849
7488,8.213329012497276
7489,9.182802933902437
7490,9.044016656407631
7491,9.015350132936879
7492,8.281026974582625
7493,8.239117943885086
7494,9.361338808253164
7495,8.187413760932172
7496,10.361852724794533
7497,8.070463182119159
7498,8.649428214791735
7499,8.962487290540102
7500,9.12910596134785
7501,9.121177449160866
7502,9.939230390263301
7503,8.815570238221154
7504,9.179328637491016
7505,9.769275860250094
7506,8.466315058013954
7507,8.654690990795402
7508,8.77393976152886
7509,9.565746754596814
7510,9.482033741836268
7511,9.191024967077807
7512,8.702611732002634
7513,8.427209317102715
7514,8.976014273592813
7515,9.447019304925654
7516,9.10229804585677
7517,10.126494058112602
7518,9.011175734490012
7519,9.3374031489001
7520,9.300195818618352
7521,8.582000125779228
7522,8.834043453186382
7523,10.037775747562932
7524,8.589119662016982
7525,10.079853729612765
7526,8.558958085385449
7527,8.900103217628697
7528,10.234646131513701
7529,9.43028219793264
7530,8.823113091882236
7531,9.705702390015475
7532,9.09834737762615
7533,8.59903115793259
7534,8.425374451465874
7535,8.985781739679426
7536,9.320928004252242
7537,9.359898743176917
7538,9.654380482049572
7539,8.69637014660609
7540,8.368281806807044
7541,9.899848132198274
7542,9.40127495329147
7543,8.792945300384048
7544,10.171790598860248
7545,10.003553406207828
7546,8.79326598408601
7547,9.002199512011515
7548,10.243872756387855
7549,8.84498924709008
7550,8.642611399084831
7551,9.525202228205123
7552,7.91199811523845
7553,11.018395567936107
7554,9.060339945157903
7555,10.296547913580108
7556,8.647693200625396
7557,9.750808753860714
7558,9.179804907614276
7559,8.644668257855527
7560,8.60798073733001
7561,8.636019214537097
7562,10.26918555722028
7563,9.588581184812192
7564,8.65469926763507
7565,8.503715691176858
7566,8.772756649725112
7567,9.754992762748323
7568,8.31131305307133
7569,10.15091198417116
7570,9.167973436645687
7571,8.80011205327958
7572,8.828959872372979
7573,8.681495600344999
7574,8.53176381809425
7575,9.230011072217579
7576,8.566849998421878
7577,10.18002275096079
7578,8.401071754707402
7579,8.165320327307148
7580,10.243834064604139
7581,9.147923162395752
7582,9.944721311101018
7583,9.255765484611839
7584,8.85245357889281
7585,8.548595152906188
7586,9.017523452459475
7587,10.21148407559729
7588,8.310986508202589
7589,8.299364904924582
7590,8.478632239396655
7591,8.755349058169674
7592,8.721541396797758
7593,8.210435501157935
7594,8.637773085513503
7595,10.051102575974875
7596,8.32103679274557
7597,9.229852590793058
7598,8.643023036247204
7599,8.496991340396702
7600,8.815799698529796
7601,10.026261046108937
7602,8.357610873355227
7603,7.964185925725061
7604,9.825117424003842
7605,8.180210956668246
7606,8.383473060465564
7607,8.662528432341507
7608,10.364008221983715
7609,10.100109690569818
7610,9.63715749127569
7611,9.042715782888738
7612,8.804033451133472
7613,10.304430445454953
7614,9.29496907360924
7615,8.853712877589388
7616,8.886588723971599
7617,10.313619363723383
7618,10.330555314976927
7619,8.236529059627513
7620,8.502277586817364
7621,9.041991444955446
7622,8.682356846463435
7623,9.278561227595029
7624,8.789978914185182
7625,9.495404617836083
7626,9.34144411071533
7627,8.684341952643027
7628,10.807863456516378
7629,8.42918964047946
7630,8.769363011382348
7631,7.9729273357920505
7632,8.34237825785133
7633,8.552159144954965
7634,8.869453083268196
7635,8.651796868312857
7636,8.56343366671353
7637,10.326420042964873
7638,9.448092593954748
7639,9.257216610215117
7640,8.486797809239649
7641,8.218403009933512
7642,8.727763296719896
7643,10.616863415733217
7644,8.69894898881885
7645,8.739546854110978
7646,9.28675057225239
7647,8.689694684603605
7648,8.730041510120522
7649,8.753067524316663
7650,8.502070901915857
7651,8.965497912750626
7652,8.222900022500143
7653,9.504033146263144
7654,8.774581500854762
7655,8.625054072411189
7656,9.744414143426885
7657,8.970392878676897
7658,8.495533102041113
7659,8.68733762326108
7660,8.965414320421463
7661,9.127434094374365
7662,8.408119304678296
7663,9.872114398673608
7664,8.10177623875167
7665,8.459204220155392
7666,8.880230986688407
7667,10.857143692369721
7668,8.545948873549545
7669,10.514400420548014
7670,8.16863450831598
7671,8.719541159968468
7672,8.585863486812446
7673,9.018022215576432
7674,8.605567410853704
7675,10.582341872816656
7676,8.82257563376116
7677,8.850135072432678
7678,9.749412123130076
7679,8.853376922719844
7680,8.43022585242058
7681,8.847575555178617
7682,9.90749199237565
7683,8.509312097373845
7684,8.824590643005882
7685,9.5019202871442
7686,9.658642708681437
7687,9.659615580446175
7688,10.387486210215432
7689,8.674174744410418
7690,9.186322793318162
7691,8.518489333675138
7692,7.983789376038054
7693,8.59969608639684
7694,9.78665373682894
7695,10.08236058398267
7696,9.082937562016065
7697,8.881028810726924
7698,8.700005022873603
7699,9.289163590887746
7700,8.700262505182934
7701,8.799335544177998
7702,9.09969469372879
7703,8.556451713667753
7704,9.260800883414035
7705,8.970143008612451
7706,9.0427685800335
7707,10.294952917203897
7708,9.124777825410444
7709,9.519041809283449
7710,9.28675057225239
7711,8.777686387327778
7712,9.209844336266734
7713,7.85730962691067
7714,8.958962537275289
7715,10.145813950781472
7716,8.966569197867987
7717,9.179695985378636
7718,8.183027545636905
7719,9.223085352787288
7720,9.072865547658182
7721,10.110185627006835
7722,9.448832877364831
7723,9.307344322402347
7724,8.29395884647354
7725,9.200504428559153
7726,8.203147416834685
7727,8.94829021342607
7728,9.224942895910416
7729,8.837395162693792
7730,10.17080419250072
7731,9.756180417508356
7732,10.465987524682095
7733,9.751867361804232
7734,7.870838885238989
7735,8.459204220155392
7736,9.178920984784998
7737,9.232404218038344
7738,9.836644973232413
7739,10.06698384287788
7740,8.796803541200562
7741,9.128264746001776
7742,10.1107048650081
7743,8.553963712876074
7744,9.01653010495952
7745,9.029815641567678
7746,8.79705100152081
7747,8.492092387855719
7748,8.439154967971968
7749,9.327609347873707
7750,8.435549250666654
7751,8.962496648229113
7752,7.70046865785657
7753,8.684341952643027
7754,9.108625804576873
7755,10.181745881393681
7756,10.230269599190054
7757,9.222179612097953
7758,9.999523851587119
7759,8.970392878676897
7760,8.290872077991313
7761,9.890453132535761
7762,8.903534079909106
7763,8.804493700498945
7764,8.828944647768157
7765,9.085732903315327
7766,9.245662991877097
7767,9.428881296047749
7768,10.721666379339226
7769,10.599991574733073
7770,8.936354653631387
7771,9.345075071474435
7772,8.034531494695196
7773,8.408581362947748
7774,8.82366944272876
7775,8.37691256120729
7776,9.412994285752823
7777,9.958808747575652
7778,9.022667728844704
7779,10.460292790471877
7780,9.491100814733063
7781,8.92416166937056
7782,9.689906205533502
7783,8.94380207682368
7784,8.958158357291547
7785,9.707645268756963
7786,8.71017614237738
7787,9.031340116497274
7788,8.945075611045471
7789,8.245901139693679
7790,8.891035289160472
7791,9.281783483135218
7792,8.664679270883413
7793,8.77321690912736
7794,9.426414644666197
7795,8.862252190515301
7796,10.216675800445412
7797,9.670179852091687
7798,9.906993988804365
7799,9.51760160840692
7800,8.496104215151782
7801,9.258588935466571
7802,9.073678925195578
7803,8.853221731443634
7804,10.315641216302636
7805,10.164012490153011
7806,10.204640597813032
7807,8.575809217983426
7808,8.845837988595441
7809,8.410379460621249
7810,8.891035289160472
7811,8.553034041131612
7812,10.30103164118971
7813,9.082649687751676
7814,9.7809681670261
7815,10.418113081098577
7816,9.528888246848897
7817,8.941692090721325
7818,9.262406536030484
7819,9.330510699412516
7820,10.207171389389947
7821,10.145834175541463
7822,9.815930709324597
7823,8.635369384639626
7824,9.122005234603874
7825,8.857600068332545
7826,8.869453083268196
7827,8.44606662562499
7828,8.078757025391962
7829,8.639756573521923
7830,8.806367727591798
7831,8.607378413036207
7832,8.638674682113422
7833,8.63099607415467
7834,8.782323076397972
7835,9.042168923281231
7836,8.741407375762568
7837,9.403508120930026
7838,8.480404554597644
7839,10.528442883676322
7840,8.524044623172264
7841,8.217305956259285
7842,8.983128644592231
7843,8.695984881681941
7844,9.169907418762294
7845,8.372703008513156
7846,8.936473016526206
7847,9.116984408938855
7848,9.208031035698315
7849,8.205230987443324
7850,10.020383808570848
7851,9.512910007341311
7852,9.054105865345411
7853,9.263958207371845
7854,8.700054216263112
7855,10.555579213241923
7856,9.561267523183421
7857,9.825258509581236
7858,8.67603814970447
7859,9.814789882503424
7860,8.389290856881601
7861,8.849307212822326
7862,9.2720110449082
7863,9.73900496409589
7864,8.191799615476256
7865,8.866100041812945
7866,8.791360419358229
7867,8.533064100336924
7868,8.591443759784589
7869,9.30043322778895
7870,9.436464711742527
7871,8.82605014707105
7872,8.574972294837668
7873,10.068559159716596
7874,9.613522284644816
7875,9.226257388218738
7876,10.842659503983084
7877,9.300195818618352
7878,9.00064831880659
7879,10.07711409388304
7880,9.684081317321194
7881,8.968938617883603
7882,10.535550791020375
7883,10.330464832923008
7884,10.062700920107828
7885,9.116984408938855
7886,8.642973949116517
7887,8.782481648963547
7888,8.944544759902467
7889,8.500090607177428
7890,10.266948299974324
7891,8.224078728386841
7892,8.390616404576907
7893,9.96471425131091
7894,8.821819634848218
7895,10.066490117566804
7896,8.510367967386557
7897,8.501422479348385
7898,10.75450316555182
7899,8.57585530913781
7900,8.672481207045879
7901,9.40775692075235
7902,10.020383808570848
7903,8.818444588800869
7904,9.536377823401336
7905,9.068853710719296
7906,10.078279731540045
7907,9.003697050334083
7908,10.384816431943575
7909,10.555579213241923
7910,9.605123139194255
7911,9.032813377206558
7912,8.569776704072217
7913,8.357261037392277
7914,10.46211737158106
7915,8.96215750587632
7916,8.881266632597052
7917,8.434821496466865
7918,9.240600084848008
7919,8.585783572261073
7920,7.868939445406844
7921,8.843608522009953
7922,8.785673960702482
7923,8.386666344730145
7924,9.719477181386678
7925,8.674174744410418
7926,8.101582760874427
7927,8.75934659772843
7928,10.237471833561
7929,9.689289496491023
7930,9.609364038439406
7931,8.929193897735322
7932,9.30384987718465
7933,8.986420744482585
7934,8.491803272507148
7935,10.06155572695124
7936,8.976014273592813
7937,9.800283085594652
7938,8.025645691643613
7939,9.100456487629769
7940,10.366144801480084
7941,8.877671982353691
7942,8.799105111381984
7943,8.722593147069315
7944,10.74101364831503
7945,7.961394631807339
7946,9.159948786395313
7947,8.552606468646509
7948,10.45679230827993
7949,8.418171288175571
7950,8.570896787045255
7951,9.082175253503417
7952,8.697132449641638
7953,10.142444538830247
7954,10.320204756387525
7955,8.496395689880089
7956,8.29548231551758
7957,10.307178016380888
7958,8.531201706725597
7959,9.257388870427052
7960,9.065983283301838
7961,9.367512619986307
7962,8.175559709391441
7963,8.620047266178888
7964,11.110982539372776
7965,7.68980693218029
7966,10.275259973389527
7967,8.459204220155392
7968,9.43107685189187
7969,9.162501850675676
7970,9.14025731666974
7971,8.836278431447889
7972,9.974770092270704
7973,9.483287928030244
7974,8.684341952643027
7975,8.415061602886789
7976,8.751360320051809
7977,9.894468816831745
7978,8.45499271547883
7979,8.416588736360318
7980,8.901978090382643
7981,8.835752729018585
7982,9.280894740902042
7983,10.691455937647467
7984,8.738270478134167
7985,8.791137776552054
7986,8.54010152788505
7987,7.99850212004615
7988,8.336214315347549
7989,8.112257074607276
7990,8.605567410853704
7991,10.299198184684977
7992,8.427645405400638
7993,9.936737097645095
7994,8.681616711430445
7995,8.715510742692182
7996,8.701579813312742
7997,10.24767181352286
7998,8.786568555536686
7999,9.093230873603295
8000,8.78426243158283
8001,8.384982968916438
8002,9.809539639849572
8003,8.98935107743965
8004,9.149227930203077
8005,9.633260915620799
8006,9.570845269864257
8007,8.566959897988584
8008,8.874589880140658
8009,9.345062749560185
8010,8.693052618844401
8011,9.194678170000435
8012,10.013316634023406
8013,8.473573141917985
8014,9.204795060386799
8015,8.516625570575094
8016,8.804616031848063
8017,8.847550776231552
8018,8.221825171897478
8019,9.037570891449262
8020,8.418380784722407
8021,8.254047185597427
8022,8.067622430507363
8023,9.784840886310736
8024,8.743950238823095
8025,8.916514721889767
8026,9.801983795840936
8027,9.815555486025987
8028,9.012828285557687
8029,9.239334953105454
8030,9.80770764302109
8031,8.81211076155688
8032,8.531215164594675
8033,8.16863450831598
8034,9.150776347957958
8035,8.967937945192489
8036,9.434903767890551
8037,9.181573163743431
8038,9.6447576217261
8039,8.8552725869142
8040,9.884123656304537
8041,10.446654869367999
8042,9.932104599425436
8043,10.247196907379312
8044,8.649735030978494
8045,8.608804529157336
8046,8.96215750587632
8047,9.903581986663255
8048,8.496395689880089
8049,8.809730464196905
8050,8.62188611310998
8051,9.532494435478133
8052,8.97790920997029
8053,10.644590306358674
8054,8.613044677271692
8055,9.267075782592286
8056,8.255015445872296
8057,8.991856272920653
8058,9.832505936846523
8059,8.703957656728711
8060,10.163477952706701
8061,8.657761676436603
8062,8.54754311368931
8063,10.032125099324189
8064,9.029438206972513
8065,8.483804824215575
8066,9.871345099443182
8067,10.197594133453535
8068,10.298283305557387
8069,8.373750372833713
8070,8.411467538821777
8071,8.470217274682462
8072,9.17560566919477
8073,9.267831779536115
8074,8.412511772424686
8075,10.82880265251164
8076,9.682146886612518
8077,9.986041249984085
8078,9.272842567169343
8079,8.20875166854058
8080,8.822476715134025
8081,10.038986855334759
8082,7.8359538066389645
8083,8.7328194827208
8084,7.920643837576682
8085,9.184758332976607
8086,9.150061563004046
8087,8.316608574873058
8088,8.411467538821777
8089,8.571775279049035
8090,8.831495068864191
8091,8.801972738822947
8092,9.690160508004583
8093,9.46349099174704
8094,8.21047526674404
8095,9.250643694035928
8096,8.592073159238232
8097,7.996230420796208
8098,8.555360648144267
8099,8.764654940390782
8100,8.746508223993457
8101,8.403476817449851
8102,9.366773179077212
8103,8.467479417647827
8104,9.024653284808274
8105,8.755020043779822
8106,8.418171288175571
8107,8.440191270369647
8108,8.47508437163124
8109,8.628964280843528
8110,10.059070280362203
8111,9.008529618223786
8112,8.927140706998701
8113,8.475785948370744
8114,10.416927947031175
8115,8.243311103407303
8116,8.597268349561416
8117,10.3145938042504
8118,8.387053552393674
8119,8.67698820164739
8120,9.495828317812483
8121,8.959302392361202
8122,8.584998156903717
8123,8.01120559788565
8124,8.231738004859189
8125,9.081895809304125
8126,10.158764314010975
8127,9.738372055338585
8128,8.68448314254228
8129,8.94171314283062
8130,8.750026601668313
8131,9.845700131520475
8132,9.26554780560367
8133,9.351864077480661
8134,8.189901358973112
8135,8.941498777424716
8136,8.714223814414746
8137,9.128412016314194
8138,8.502070901915857
8139,9.291326793585506
8140,8.160573705956493
8141,9.265221892332393
8142,8.433833027290826
8143,10.382366576075908
8144,8.748936984882318
8145,7.83848081693352
8146,8.265200048548435
8147,10.15480222781255
8148,9.956753606109446
8149,9.758574169102012
8150,8.998151479063768
8151,8.57568298839026
8152,10.016771406786054
8153,8.77333615512734
8154,9.19644232562362
8155,9.048972927025691
8156,8.558024452923853
8157,9.278561227595029
8158,8.753067524316663
8159,10.127644127034761
8160,8.636754453132983
8161,9.965858130287256
8162,9.575412859888152
8163,8.091160173014377
8164,8.69637014660609
8165,9.865078480394011
8166,8.574622060775354
8167,8.972179095794244
8168,8.5636883879533
8169,9.828639447392966
8170,8.941790354834337
8171,8.220081238377484
8172,9.759039109976673
8173,7.787629491777938
8174,8.411095999232108
8175,9.177962421950976
8176,8.713947863961083
8177,9.317403656114283
8178,9.040496403259773
8179,8.450589985833583
8180,10.138936024768295
8181,8.635386372239427
8182,10.220968380639784
8183,8.617366206708677
8184,10.294367824195836
8185,9.175568433749527
8186,9.208915437284002
8187,10.68992285884212
8188,8.703957656728711
8189,9.411304880004252
8190,9.550475935623654
8191,9.42316224031487
8192,8.075495692630135
8193,9.655737001471737
8194,9.890091989026995
8195,9.107824224357778
8196,9.452106137214908
8197,9.09861787762721
8198,9.111949389767469
8199,8.439201261928764
8200,9.151848779773614
8201,8.359759210451859
8202,10.17893431722879
8203,8.824601162999137
8204,8.80109038289597
8205,9.4497439983463
8206,9.081725111754256
8207,9.994012810121275
8208,7.8947975365538845
8209,10.109147001294629
8210,9.46663575924801
8211,8.798346931006233
8212,10.058080068779278
8213,8.33852781947439
8214,10.0354012080371
8215,10.092528082067608
8216,10.186751045375988
8217,8.068386867985282
8218,8.487576254469001
8219,8.286464578449305
8220,9.658642708681437
8221,9.158796844103357
8222,9.475532511253649
8223,7.987153517304803
8224,8.249375755985895
8225,9.148351066534335
8226,8.476592762023097
8227,8.20145844574251
8228,8.162546424555886
8229,9.728403872415736
8230,9.456969543091347
8231,8.09374512215725
8232,8.321066868200242
8233,8.77739332867516
8234,8.831707500068521
8235,8.517554207594898
8236,8.180724051298156
8237,8.409943753337314
8238,8.514653129719559
8239,8.287318071803242
8240,10.06321352351185
8241,9.646957449798608
8242,8.366858765305203
8243,10.57905644696614
8244,9.897426232453004
8245,9.332896616538408
8246,8.145797099124017
8247,8.558233437110621
8248,9.55604311947477
8249,9.240147543811542
8250,8.333981114035911
8251,8.594720743939666
8252,8.442185571139486
8253,8.314927089369746
8254,9.0929595922939
8255,8.654112622840264
8256,9.16930565821558
8257,9.472856676396793
8258,9.073214861396526
8259,9.072733483544061
8260,8.340729189779708
8261,9.142549320881413
8262,8.544601746247283
8263,8.57941063484281
8264,9.904024067436914
8265,9.095355161472202
8266,9.076622444300087
8267,8.870477396611404
8268,8.678022542654965
8269,9.030192719636371
8270,8.407451787265268
8271,9.310572596143027
8272,11.046138691315857
8273,9.456367769197627
8274,10.657782487638963
8275,8.530897133833037
8276,10.132787137725632
8277,10.151698878472692
8278,8.515653105968168
8279,9.2618220988579
8280,9.951963214446824
8281,10.568874821333361
8282,8.334261367827802
8283,8.884005283932552
8284,10.126806988526655
8285,8.87504266557852
8286,8.619318502837888
8287,8.881028810726924
8288,8.515219039160662
8289,8.39696332188237
8290,8.33914727097778
8291,8.542284733302948
8292,8.260661122577044
8293,10.057234793009412
8294,8.767867205746018
8295,10.262032672696874
8296,10.327157381564756
8297,9.007137366027926
8298,8.789183279018602
8299,9.996046266913297
8300,9.878002834358805
8301,10.221378496871056
8302,8.4921960927365
8303,8.32541766207208
8304,8.739858632935379
8305,9.297221370526744
8306,10.031611814174232
8307,8.375047460704467
8308,8.321478636760398
8309,9.317657435908652
8310,8.544465185779588
8311,10.24035521083786
8312,9.46822174992076
8313,8.930137057341415
8314,9.01184369345214
8315,8.675553789735277
8316,8.437820105776805
8317,8.832228508167438
8318,9.781926113076679
8319,8.467683536527439
8320,9.310936565779459
8321,10.081618784480838
8322,9.416660900194431
8323,8.636322443039804
8324,7.942884621860738
8325,8.262594069722446
8326,8.9761151632741
8327,8.638730958027589
8328,11.089394248978182
8329,8.775061678730452
8330,10.180131773387318
8331,8.769905592787357
8332,9.909466774751523
8333,9.7787613226947
8334,8.81680455786835
8335,8.954547981826677
8336,8.699493278174838
8337,8.75353656262757
8338,9.283998601979995
8339,9.219024729733293
8340,10.244440805362855
8341,8.884837212792526
8342,8.399904958469701
8343,7.941044105290683
8344,9.173729671038332
8345,8.573928476232117
8346,9.52363349382805
8347,8.286103014125091
8348,10.165884353183445
8349,9.413152059114166
8350,8.837669876672113
8351,9.318610514942135
8352,8.859385379061763
8353,9.938757055511992
8354,8.570129681805378
8355,8.936302314111181
8356,8.584686824672264
8357,8.769309591174736
8358,8.310370093907668
8359,8.59560072802175
8360,8.301142252525684
8361,9.160971105378126
8362,8.473225444840752
8363,8.54514375754706
8364,9.737073272808194
8365,8.562194796510557
8366,9.293010196170751
8367,9.719477181386678
8368,8.516070860060909
8369,10.616863415733217
8370,8.491207827156861
8371,10.416927947031175
8372,8.809730464196905
8373,8.879019045826329
8374,9.632959618792256
8375,8.815570238221154
8376,9.659594041039515
8377,9.509498775062092
8378,10.141091889993682
8379,9.256412085191814
8380,10.0715775293467
8381,8.465183211198351
8382,8.557707034866988
8383,9.89067519748301
8384,9.323500389811104
8385,9.896676683345804
8386,9.97759633184274
8387,8.524309447922706
8388,10.067722825638015
8389,9.556164313563421
8390,9.013198911947969
8391,9.207265104890633
8392,8.76753045064191
8393,9.757023954270919
8394,9.079011086592464
8395,8.830033695177766
8396,8.605087896922871
8397,9.017523452459475
8398,9.87769544126864
8399,9.828894070361649
8400,8.075142684208025
8401,9.450982947002922
8402,8.824276958318292
8403,8.1407190743893
8404,9.054806369434637
8405,8.710228475272544
8406,9.252589829084549
8407,8.766580184853733
8408,8.881336650456342
8409,9.474532475599526
8410,9.36981561227401
8411,8.420486974256619
8412,9.145475115150127
8413,8.748681472838918
8414,9.316847257063877
8415,8.969763962374648
8416,8.979802822205274
8417,8.488919291102546
8418,8.44323002077871
8419,8.360189481489535
8420,9.298026614780847
8421,8.573822212569118
8422,9.26226007500457
8423,8.930923045954055
8424,9.901367330760863
8425,10.002861340890526
8426,8.930397925247812
8427,10.298283305557387
8428,8.640683434047398
8429,8.572771425512284
8430,8.891035289160472
8431,10.26846650416721
8432,9.086141968278572
8433,7.851975450260678
8434,9.225567503181821
8435,10.204850681036259
8436,9.403508120930026
8437,9.934068114704436
8438,9.465589741046704
8439,10.167602658408914
8440,10.363308006571357
8441,10.558163167483745
8442,8.274750452326654
8443,7.8919504646655305
8444,9.874139257871537
8445,8.236529059627513
8446,8.66265928803457
8447,8.174391226357018
8448,9.454239208893847
8449,8.320644864445692
8450,8.368281806807044
8451,10.28760968002579
8452,8.35350003643339
8453,9.190357640901702
8454,9.455551882742109
8455,8.58318286600007
8456,9.614175282655147
8457,9.591703871017524
8458,8.300839638467632
8459,8.34613713186171
8460,7.811986758970217
8461,10.128113873494787
8462,8.851343223795224
8463,9.142252715996715
8464,8.950149648411163
8465,8.124493720152213
8466,9.12435733205401
8467,10.184961323709853
8468,8.250130467553113
8469,8.830041447266819
8470,9.283188400559615
8471,8.099788178107316
8472,8.285926619764963
8473,8.335759433381321
8474,8.7955278943775
8475,10.07231144738712
8476,8.821750299874406
8477,10.076510598482548
8478,10.165884353183445
8479,8.90892290867397
8480,9.274155676055647
8481,9.700413996061295
8482,8.475911015384938
8483,9.7737466945193
8484,9.956503824190014
8485,8.660836904285519
8486,8.366925887357176
8487,9.562611202615843
8488,8.703957656728711
8489,9.218561755428954
8490,8.643023036247204
8491,8.963959493856269
8492,8.634326378299644
8493,9.431707477370653
8494,9.454624950260525
8495,8.910246740370967
8496,10.397297709599277
8497,9.908897191695294
8498,8.384982968916438
8499,7.97634789254873
8500,8.575967355052017
8501,10.145350644853854
8502,8.886588723971599
8503,10.23395578961559
8504,7.975545540993993
8505,9.564584899905112
8506,10.643639745083895
8507,8.20064894285131
8508,8.456254067489423
8509,9.707748965358535
8510,8.273872986895999
8511,10.778585533379724
8512,8.546205159022673
8513,10.301852352555667
8514,9.141227682032442
8515,10.031673107778271
8516,9.802981985298553
8517,10.648446669810582
8518,8.316678220244283
8519,9.804474758356296
8520,9.477521208598507
8521,8.459204220155392
8522,9.280549406427733
8523,8.615257962598937
8524,8.117862679442405
8525,9.654603235644382
8526,8.972179095794244
8527,8.861536776580731
8528,8.746508223993457
8529,10.842659503983084
8530,9.422484755319754
8531,8.719639618235933
8532,10.088519102332501
8533,8.01789317118563
8534,8.177656140732719
8535,10.631194336281737
8536,8.152121189273837
8537,8.843726408531
8538,9.055012901335996
8539,9.728130727998783
8540,8.415061602886789
8541,8.699056551001851
8542,9.815907398977902
8543,8.908545265779209
8544,7.9460558428298045
8545,9.815832741779927
8546,8.73175134304582
8547,9.171637682420874
8548,9.078797653344324
8549,9.198592797177323
8550,8.893206232380466
8551,8.840982656289546
8552,8.64789723009926
8553,9.268058424234415
8554,8.933901219602518
8555,10.022776658223847
8556,10.026261046108937
8557,8.583066803255964
8558,8.013948896530161
8559,8.465481456992334
8560,8.936354653631387
8561,8.90892290867397
8562,8.901978090382643
8563,10.193477274279761
8564,8.556751941884452
8565,8.532481414184135
8566,8.802700558380579
8567,8.609123482781182
8568,8.678421328222994
8569,8.919339039595929
8570,8.375420987936577
8571,8.734099799032188
8572,10.48818318316327
8573,8.770832257119899
8574,9.029149093265957
8575,9.426914678668016
8576,8.620708915424597
8577,9.080173094705495
8578,9.230416952706175
8579,8.665008107542292
8580,8.717089061860188
8581,9.107819784557435
8582,8.73966606386882
8583,8.424311477505785
8584,8.524518269525263
8585,8.181399172479257
8586,9.465910675653038
8587,9.656657467260734
8588,7.969167809307668
8589,10.37214018744791
8590,9.0156459364776
8591,9.663695772426859
8592,7.919263578226492
8593,8.667268026020995
8594,8.030119693260371
8595,9.784925468822914
8596,9.534883698791063
8597,8.370647670456517
8598,8.388501626151033
8599,8.423713477182712
8600,9.013502023276802
8601,9.379073218137831
8602,8.578201729541393
8603,8.029353889662417
8604,10.261058394556121
8605,8.977748020678176
8606,8.4791045957533
8607,9.908897191695294
8608,8.595029534224269
8609,8.527090637436258
8610,8.746553509248113
8611,8.310370093907668
8612,8.602889212655397
8613,9.250440014111522
8614,9.012555038327816
8615,8.74437809862976
8616,9.893421054327227
8617,8.647693200625396
8618,8.569776704072217
8619,8.993621077479897
8620,8.771103512910743
8621,9.341438379689375
8622,8.824699181772324
8623,8.616444365563302
8624,8.828357860710762
8625,8.362706514733308
8626,8.79168188882635
8627,8.00498347231492
8628,9.90860012834177
8629,9.542588114949675
8630,10.19562522188416
8631,8.338676704924072
8632,8.802700558380579
8633,8.731192496996258
8634,9.55266962460497
8635,9.262539353305739
8636,9.124640387924593
8637,9.201939880551816
8638,8.502389980466685
8639,9.283025540517905
8640,8.664860224865722
8641,8.18613279261979
8642,9.810462291099158
8643,9.129382757546749
8644,9.253084687507364
8645,8.935451845036777
8646,8.5882104807368
8647,9.28503331762564
8648,10.378463006882495
8649,8.950161762460544
8650,8.74820379851996
8651,9.36777335388212
8652,9.743860754881947
8653,8.06560008009536
8654,8.179855211331596
8655,8.681616711430445
8656,9.78939520279602
8657,8.305476683067527
8658,8.92983341482775
8659,8.93831537839741
8660,10.193525062398365
8661,8.26013534947671
8662,10.143574185390168
8663,9.512176313501392
8664,8.341999274063463
8665,10.480205522467726
8666,8.485227776592303
8667,9.000840790655978
8668,8.524044623172264
8669,9.857164088100342
8670,9.590808515918823
8671,8.344192426508513
8672,9.719477181386678
8673,8.885374458617514
8674,9.365075202626755
8675,8.911337486675968
8676,8.079707023132716
8677,8.882351091417803
8678,10.123439123851268
8679,8.499896780175753
8680,8.379600200356016
8681,9.406157074648567
8682,8.782481648963547
8683,9.21822479901879
8684,9.063154969293551
8685,10.08608038123777
8686,8.740045030814894
8687,9.771726252858935
8688,8.300546901607778
8689,9.744756736586371
8690,9.95380697120928
8691,9.73834660796757
8692,8.516625570575094
8693,8.545168318504045
8694,9.248555152922174
8695,10.24767181352286
8696,10.240083098321834
8697,8.635386372239427
8698,8.627625941252244
8699,8.074921716631488
8700,8.9532446362812
8701,10.655260746840117
8702,9.474827384171387
8703,8.321197310326117
8704,8.955666922051048
8705,9.236804514895454
8706,10.009932495061154
8707,8.666943220328447
8708,9.725915569281996
8709,10.0715775293467
8710,9.562201850223712
8711,10.216882672667015
8712,9.01256309085706
8713,9.577021099634996
8714,9.247985532088377
8715,10.294463265170403
8716,10.046528259847685
8717,7.93879979738614
8718,8.684973730627725
8719,10.41582213704026
8720,11.40964849080732
8721,10.206535057456847
8722,10.346019182374151
8723,9.015964024817727
8724,10.104908495892225
8725,8.510153465995506
8726,8.884203248266658
8727,8.54432177567786
8728,10.252800366512417
8729,8.867172043010433
8730,8.777013284692245
8731,9.205390736860979
8732,8.488919291102546
8733,9.15742721254563
8734,8.895371688479644
8735,8.801521437493511
8736,9.593832685591918
8737,8.737529361230946
8738,8.531016386053865
8739,8.867424769228013
8740,9.063154969293551
8741,8.522191943942477
8742,8.430692227320158
8743,8.65722768718921
8744,8.604842479238984
8745,9.232658768738657
8746,8.122579193570907
8747,8.893582501608433
8748,9.286129802821998
8749,9.326858527068332
8750,10.13117116199872
8751,8.22901563601601
8752,9.080019231545538
8753,8.738340612606734
8754,8.463999691132173
8755,9.233075797702185
8756,9.142206163661793
8757,9.564092838333506
8758,9.950437428581234
8759,8.371066619300894
8760,9.345862553395731
8761,9.719855469831346
8762,9.487018415756946
8763,8.70134888260544
8764,8.289701539106492
8765,8.785481268461204
8766,7.691773258771295
8767,10.198519919408877
8768,9.67101679594225
8769,8.958355336256691
8770,9.635186039689367
8771,8.562194796510557
8772,8.502070901915857
8773,8.291513677315036
8774,8.213329012497276
8775,8.714205923011148
8776,8.179855211331596
8777,8.9436003752779
8778,10.259582264991222
8779,8.972826460179746
8780,8.61320917772453
8781,8.63629414059522
8782,8.116156230341222
8783,9.221080169406127
8784,10.259582264991222
8785,9.806205151688058
8786,8.734099799032188
8787,10.16887498056919
8788,10.291814805216696
8789,9.04115224370229
8790,10.319757255796905
8791,9.09436301383152
8792,8.458859194558105
8793,10.021968069245023
8794,10.758495888280448
8795,8.389535511454376
8796,8.827824069927653
8797,8.928629181656627
8798,9.778755150164223
8799,10.207624265492806
8800,9.183575764729143
8801,8.53176381809425
8802,9.56238853577392
8803,10.41686815717429
8804,8.870370772130894
8805,9.696022804771967
8806,10.033561548670486
8807,8.731932575347555
8808,8.758938726917878
8809,8.359759210451859
8810,8.978310803591691
8811,8.924110593903153
8812,9.958188037735026
8813,9.132565718114177
8814,9.486168653970385
8815,8.439539300185226
8816,8.162546424555886
8817,8.894875259075253
8818,9.67229552927145
8819,9.31125910146424
8820,9.360666884885779
8821,8.36061702044222
8822,8.388185743665861
8823,8.055257415814891
8824,10.570411603759972
8825,8.856884306186327
8826,9.52358071942037
8827,8.081875503103337
8828,9.133091729863402
8829,8.274938834117624
8830,9.018546645592462
8831,8.631485228054686
8832,8.855459070977545
8833,8.48288071108271
8834,8.189022158041638
8835,9.97227232019405
8836,10.615723620472565
8837,10.419473401171848
8838,8.585863486812446
8839,9.31125910146424
8840,9.45328667324768
8841,9.25908666405158
8842,8.87636079100568
8843,10.449029216922517
8844,9.412108235476698
8845,7.966380834930332
8846,8.56520598400978
8847,8.886186066884312
8848,8.506339871241206
8849,9.51021377996893
8850,8.583066803255964
8851,8.151384601774955
8852,7.919794522509272
8853,9.375240465939031
8854,9.11159850811142
8855,8.768049709955056
8856,9.74477603001139
8857,9.692042480230711
8858,10.05575924485837
8859,8.406841153863224
8860,8.76359005678214
8861,8.544335975591967
8862,9.015230049725162
8863,8.668524033870217
8864,8.58437848223606
8865,9.371314753863935
8866,9.335087684274782
8867,7.940818415967919
8868,8.879083140651959
8869,9.029888781868513
8870,8.515219039160662
8871,9.088106108425436
8872,8.808021605710474
8873,8.67698820164739
8874,8.90601535698727
8875,9.237581463667478
8876,9.772728858859796
8877,9.082604424749743
8878,9.332640991434381
8879,10.771784116561124
8880,8.87504266557852
8881,8.665599992384122
8882,8.053743308439019
8883,8.483844729482028
8884,9.182746100974049
8885,9.125490589359675
8886,8.169113708188394
8887,9.00064831880659
8888,10.523602698102305
8889,9.265005664577663
8890,9.093230873603295
8891,8.500090607177428
8892,10.205529742774798
8893,10.347736663935434
8894,8.802273726744255
8895,9.40127495329147
8896,9.945819374188817
8897,8.557779582786742
8898,9.886840552853675
8899,8.74804670057476
8900,10.23362390695475
8901,9.393250214482665
8902,8.567778179004089
8903,11.171636267284192
8904,8.236529059627513
8905,9.455004806575754
8906,8.07508482692814
8907,9.631580063601799
8908,9.085732903315327
8909,8.672976291355257
8910,9.349143864490937
8911,9.694489083040413
8912,8.49093761427004
8913,9.495459920832527
8914,8.086468802280095
8915,10.018256196251595
8916,9.156096068437828
8917,8.611753943980755
8918,8.291513677315036
8919,9.281185450005733
8920,8.491207827156861
8921,10.486754101237722
8922,8.887667824274526
8923,9.711537380733992
8924,9.685567555521809
8925,8.519553394209527
8926,10.05272864668948
8927,8.486797809239649
8928,8.670960592837606
8929,9.984088107159
8930,10.638780028992011
8931,9.74293962202955
8932,7.958984959616805
8933,8.532038981282074
8934,8.903353920976846
8935,11.045641542465978
8936,10.129997063030167
8937,10.185826379940732
8938,8.828250466273525
8939,9.155610609677517
8940,9.621093548630917
8941,9.194870817894317
8942,9.834192792859849
8943,10.155327160438636
8944,9.30884495987845
8945,9.489767526531127
8946,8.824601162999137
8947,9.442114385683855
8948,9.89067519748301
8949,8.359607042617572
8950,8.399315329803297
8951,9.375240465939031
8952,8.543688625643705
8953,9.182065733483903
8954,9.196588467627112
8955,8.496183609546984
8956,9.482870456165413
8957,9.018022215576432
8958,8.432023369815234
8959,8.569596020753066
8960,8.917271492070183
8961,8.940384798539274
8962,8.682650937658279
8963,8.32782555079613
8964,8.835486340302968
8965,10.349437356128474
8966,9.224287588381545
8967,9.26587342561245
8968,9.079011086592464
8969,8.883620728766099
8970,8.576828226488452
8971,8.794189477419263
8972,8.223469659745922
8973,8.045653745274848
8974,9.113993305328895
8975,8.03915736428903
8976,9.504033146263144
8977,9.18280738158471
8978,8.746895280733229
8979,8.492974442533267
8980,8.18305644280305
8981,8.458286869067816
8982,8.76945469584259
8983,10.186937843759225
8984,9.03561527006871
8985,7.953903220899015
8986,8.269081040449786
8987,8.462702913981097
8988,9.8277618002273
8989,8.127349295396508
8990,9.369217603150096
8991,8.413894499556934
8992,9.958188037735026
8993,8.652060217769343
8994,8.428478135974924
8995,8.527711402340671
8996,8.686541682788974
8997,10.372456793310992
8998,8.00324596829974
8999,10.36303303498184
9000,8.490150876953532
9001,10.440490018196988
9002,7.977149744581697
9003,9.211259575936287
9004,10.047989260821488
9005,10.137260988311025
9006,10.28954211731476
9007,8.306794893771087
9008,9.108173720231214
9009,9.18083243852306
9010,10.0155375020603
9011,8.861240764683426
9012,8.325401236378985
9013,8.368281806807044
9014,8.699385739730795
9015,9.03561527006871
9016,10.722099490533875
9017,8.848201404896523
9018,10.115914460871231
9019,8.970376802096544
9020,9.214990436027058
9021,9.401684343384938
9022,8.444968697534467
9023,9.250831806282049
9024,10.204640597813032
9025,8.715471405952263
9026,9.116984408938855
9027,9.877224995753354
9028,8.717056391043478
9029,9.080027980729556
9030,9.242627102329887
9031,9.1657853132295
9032,10.287958978929048
9033,8.867404141713234
9034,8.670392317429279
9035,8.325935167051307
9036,8.718797385322196
9037,9.024593353826834
9038,9.657943227169996
9039,8.38252433127392
9040,10.54321809919399
9041,9.956658295062383
9042,8.874411449520402
9043,8.874633919189472
9044,9.133856519382004
9045,8.811044530856721
9046,8.626747656245495
9047,10.439085930007938
9048,7.974064956274203
9049,10.253080846908286
9050,10.44855093810201
9051,9.02193894286879
9052,8.83503652728038
9053,8.75537529022483
9054,9.074242162209606
9055,8.717769095859603
9056,8.504925353655533
9057,10.459192409754623
9058,10.54968383473457
9059,9.145863533620831
9060,8.756046179571316
9061,8.625662444179822
9062,10.081291922407788
9063,9.931552540870529
9064,9.233508056708782
9065,9.26537716663019
9066,8.193299033111574
9067,9.988236331672715
9068,8.758322049271667
9069,10.454844466455548
9070,10.209997325256042
9071,9.411368381067872
9072,8.18374079340522
9073,9.17755823031692
9074,8.164852984258117
9075,9.252357218845477
9076,8.254047185597427
9077,9.39383490373182
9078,10.501870635181806
9079,8.649948089912602
9080,10.60693086352523
9081,8.585863486812446
9082,9.686216098372604
9083,8.562194796510557
9084,10.08084046564414
9085,10.173211643779334
9086,8.179159812109031
9087,9.079383525956946
9088,9.232055191015316
9089,8.626691033485868
9090,9.842738194828527
9091,8.34440248121604
9092,8.715488775226497
9093,9.689866957681343
9094,9.434903767890551
9095,8.74820379851996
9096,8.575809217983426
9097,10.234268292108245
9098,9.445589450014952
9099,9.59118825978455
9100,9.41516529381439
9101,8.387033457623753
9102,8.36520169928722
9103,8.366664942368866
9104,10.22791816559487
9105,8.229086012422007
9106,8.764678284489563
9107,9.155249251073881
9108,8.265200048548435
9109,9.37265956367412
9110,10.098407936869204
9111,8.558862635883784
9112,8.582340566605348
9113,9.074023547647812
9114,9.313868981745307
9115,10.246391421190218
9116,8.767158284558956
9117,8.418171288175571
9118,8.29548231551758
9119,9.468630461042409
9120,8.484897247340658
9121,9.250903296568113
9122,9.860882005709353
9123,8.763228207838702
9124,9.464212998921166
9125,8.554441611657625
9126,8.543704907903209
9127,8.916281423252704
9128,8.502277586817364
9129,9.997567298822204
9130,9.200661606989184
9131,8.829065225047662
9132,9.833062101305648
9133,9.890453132535761
9134,8.534935373162453
9135,8.847550776231552
9136,8.676062627905408
9137,8.745946749443034
9138,8.52770263443492
9139,9.245862637264477
9140,9.105076321489355
9141,8.912635936498296
9142,8.013153727489772
